$probe$platform|id|0|#
$probe$platform|v|1|#
probe|id|0|#
probe|c_tinyint|1|#
probe|c_smallint|1|#
probe|c_int|1|#
probe|c_bigint|1|#
probe|c_bit|1|#
probe|c_dec38_20|1|#
probe|c_dec18_2|1|#
probe|c_dec5_0|1|#
probe|c_datetime|1|#
probe|c_datetime2_7|1|#
probe|c_datetime2_3|1|#
probe|c_datetime2_0|1|#
probe|c_date|1|#
probe|c_time7|1|#
probe|c_time0|1|#
probe|c_guid|1|#
probe|c_nvarchar|1|#
probe|c_varchar|1|#
probe|c_nchar|1|#
probe|c_char|1|#
probe|c_binary|1|#
probe|c_varbinary|1|#
probe|c_real|1|#
probe|c_float|1|#
probe_altered|id|0|#
probe_altered|b|1|#
probe_altered|d|1|#
probe_altered|b1|1|#
probe_altered|b2|1|#
probe_altered|e|1|#
probe_altered|f|1|#
probe_altered|b3|1|#
probe_altered|g|1|#
probe_altered_page|id|0|#
probe_altered_page|b|1|#
probe_altered_page|d|1|#
probe_altered_page|b1|1|#
probe_altered_page|b2|1|#
probe_altered_page|e|1|#
probe_altered_page|f|1|#
probe_altered_page|b3|1|#
probe_dense|id|0|#
probe_dense|grp|0|#
probe_dense|amount|0|#
probe_dense|posted|0|#
probe_dense|note|0|#
probe_ghost|id|0|#
probe_ghost|val|0|#
probe_ghost|amt|0|#
probe_heap|id|0|#
probe_heap|txt|1|#
probe_heap|amt|1|#
probe_lob|id|0|#
probe_lob|c_image|1|#
probe_lob|c_text|1|#
probe_lob|c_ntext|1|#
probe_lob|c_vbmax|1|#
probe_lob|c_nvmax|1|#
probe_lob_page|id|0|#
probe_lob_page|c_image|1|#
probe_lob_page|c_vbmax|1|#
probe_lob_page|c_nvmax|1|#
probe_lob_upd|id|0|#
probe_lob_upd|c_image|1|#
probe_lob_upd|c_text|1|#
probe_lob2|id|0|#
probe_lob2|c_image|1|#
probe_lob2|c_vbmax|1|#
probe_notnull|id|0|#
probe_notnull|n_tinyint|0|#
probe_notnull|n_smallint|0|#
probe_notnull|n_int|0|#
probe_notnull|n_bigint|0|#
probe_notnull|n_bit|0|#
probe_notnull|n_dec38_20|0|#
probe_notnull|n_dec18_2|0|#
probe_notnull|n_dec5_0|0|#
probe_notnull|n_datetime|0|#
probe_notnull|n_datetime2_7|0|#
probe_notnull|n_datetime2_0|0|#
probe_notnull|n_date|0|#
probe_notnull|n_time7|0|#
probe_notnull|n_time0|0|#
probe_notnull|n_guid|0|#
probe_notnull|n_nvarchar|0|#
probe_notnull|n_varchar|0|#
probe_notnull|n_nchar|0|#
probe_notnull|n_char|0|#
probe_notnull|n_binary|0|#
probe_notnull|n_varbinary|0|#
probe_notnull|n_real|0|#
probe_notnull|n_float|0|#
probe_notnull|n_vbmax|0|#
probe_notnull|n_nvmax|0|#
probe_notnull|n_ver|0|#
probe_oddnames|id|0|#
probe_oddnames|pad |1|#
probe_oddnames| pad|1|#
probe_oddnames|amt|1|#
probe_overflow|id|0|#
probe_overflow|v1|0|#
probe_overflow|v2|0|#
probe_overflow|n1|0|#
probe_page|id|0|#
probe_page|c_tinyint|1|#
probe_page|c_smallint|1|#
probe_page|c_int|1|#
probe_page|c_bigint|1|#
probe_page|c_bit|1|#
probe_page|c_dec38_20|1|#
probe_page|c_dec18_2|1|#
probe_page|c_dec5_0|1|#
probe_page|c_datetime|1|#
probe_page|c_datetime2_7|1|#
probe_page|c_datetime2_3|1|#
probe_page|c_datetime2_0|1|#
probe_page|c_date|1|#
probe_page|c_time7|1|#
probe_page|c_time0|1|#
probe_page|c_guid|1|#
probe_page|c_nvarchar|1|#
probe_page|c_varchar|1|#
probe_page|c_nchar|1|#
probe_page|c_char|1|#
probe_page|c_binary|1|#
probe_page|c_varbinary|1|#
probe_page|c_real|1|#
probe_page|c_float|1|#
probe_row|id|0|#
probe_row|c_tinyint|1|#
probe_row|c_smallint|1|#
probe_row|c_int|1|#
probe_row|c_bigint|1|#
probe_row|c_bit|1|#
probe_row|c_dec38_20|1|#
probe_row|c_dec18_2|1|#
probe_row|c_dec5_0|1|#
probe_row|c_datetime|1|#
probe_row|c_datetime2_7|1|#
probe_row|c_datetime2_3|1|#
probe_row|c_datetime2_0|1|#
probe_row|c_date|1|#
probe_row|c_time7|1|#
probe_row|c_time0|1|#
probe_row|c_guid|1|#
probe_row|c_nvarchar|1|#
probe_row|c_varchar|1|#
probe_row|c_nchar|1|#
probe_row|c_char|1|#
probe_row|c_binary|1|#
probe_row|c_varbinary|1|#
probe_row|c_real|1|#
probe_row|c_float|1|#
probe_tracked|id|0|#
probe_tracked|g|0|#
probe_tracked|txt|1|#
probe_tracked|amt|1|#
probe_wide|id|0|#
probe_wide|c1|1|#
probe_wide|c2|1|#
probe_wide|c3|1|#
probe_wide|c4|1|#
probe_wide|c5|1|#
probe_wide|c6|1|#
probe_wide|c7|1|#
probe_wide|c8|1|#
probe_wide|c9|1|#
probe_wide|c10|1|#
probe_wide|c11|1|#
probe_wide|c12|1|#
probe_wide|c13|1|#
probe_wide|c14|1|#
probe_wide|c15|1|#
probe_wide|c16|1|#
probe_wide|c17|1|#
probe_wide|c18|1|#
probe_wide|c19|1|#
probe_wide|c20|1|#
probe_wide|c21|1|#
probe_wide|c22|1|#
probe_wide|c23|1|#
probe_wide|c24|1|#
probe_wide|c25|1|#
probe_wide|c26|1|#
probe_wide|c27|1|#
probe_wide|c28|1|#
probe_wide|c29|1|#
probe_wide|c30|1|#
probe_wide|c31|1|#
probe_wide|c32|1|#
probe_wide|c33|1|#
probe_wide|c34|1|#
probe_wide|c35|1|#
probe_wide|c36|1|#
probe_wide|c37|1|#
probe_wide|c38|1|#
probe_wide|c39|1|#
probe_wide|c40|1|#
probe_wide|c41|1|#
probe_wide|c42|1|#
probe_wide|c43|1|#
probe_wide|c44|1|#
probe_wide|c45|1|#
probe_wide|c46|1|#
probe_wide|c47|1|#
probe_wide|c48|1|#
probe_wide|c49|1|#
probe_wide|c50|1|#
probe_wide|c51|1|#
probe_wide|c52|1|#
probe_wide|c53|1|#
probe_wide|c54|1|#
probe_wide|c55|1|#
probe_wide|c56|1|#
probe_wide|c57|1|#
probe_wide|c58|1|#
probe_wide|c59|1|#
probe_wide|c60|1|#
probe_wide|c61|1|#
probe_wide|c62|1|#
probe_wide|c63|1|#
probe_wide|c64|1|#
probe_wide|c65|1|#
probe_wide|c66|1|#
probe_wide|c67|1|#
probe_wide|c68|1|#
probe_wide|c69|1|#
probe_wide|c70|1|#
probe_wide|c71|1|#
probe_wide|c72|1|#
probe_wide|c73|1|#
probe_wide|c74|1|#
probe_wide|c75|1|#
probe_wide|c76|1|#
probe_wide|c77|1|#
probe_wide|c78|1|#
probe_wide|c79|1|#
probe_wide|c80|1|#
probe_wide|c81|1|#
probe_wide|c82|1|#
probe_wide|c83|1|#
probe_wide|c84|1|#
probe_wide|c85|1|#
probe_wide|c86|1|#
probe_wide|c87|1|#
probe_wide|c88|1|#
probe_wide|c89|1|#
probe_wide|c90|1|#
probe_wide|c91|1|#
probe_wide|c92|1|#
probe_wide|c93|1|#
probe_wide|c94|1|#
probe_wide|c95|1|#
probe_wide|c96|1|#
probe_wide|c97|1|#
probe_wide|c98|1|#
probe_wide|c99|1|#
probe_wide|c100|1|#
probe_wide|c101|1|#
probe_wide|c102|1|#
probe_wide|c103|1|#
probe_wide|c104|1|#
probe_wide|c105|1|#
probe_wide|c106|1|#
probe_wide|c107|1|#
probe_wide|c108|1|#
probe_wide|c109|1|#
probe_wide|c110|1|#
probe_wide|c111|1|#
probe_wide|c112|1|#
probe_wide|c113|1|#
probe_wide|c114|1|#
probe_wide|c115|1|#
probe_wide|c116|1|#
probe_wide|c117|1|#
probe_wide|c118|1|#
probe_wide|c119|1|#
probe_wide|c120|1|#
probe_wide|c121|1|#
probe_wide|c122|1|#
probe_wide|c123|1|#
probe_wide|c124|1|#
probe_wide|c125|1|#
probe_wide|c126|1|#
probe_wide|c127|1|#
probe_wide|c128|1|#
probe_wide|c129|1|#
probe_wide|c130|1|#
probe_wide|c131|1|#
probe_wide|c132|1|#
probe_wide|c133|1|#
probe_wide|c134|1|#
probe_wide|c135|1|#
probe_wide|c136|1|#
probe_wide|c137|1|#
probe_wide|c138|1|#
probe_wide|c139|1|#
probe_wide|c140|1|#
probe_wide|c141|1|#
probe_wide|c142|1|#
probe_wide|c143|1|#
probe_wide|c144|1|#
probe_wide|c145|1|#
probe_wide|c146|1|#
probe_wide|c147|1|#
probe_wide|c148|1|#
probe_wide|c149|1|#
probe_wide|c150|1|#
probe_wide|c151|1|#
probe_wide|c152|1|#
probe_wide|c153|1|#
probe_wide|c154|1|#
probe_wide|c155|1|#
probe_wide|c156|1|#
probe_wide|c157|1|#
probe_wide|c158|1|#
probe_wide|c159|1|#
probe_wide|c160|1|#
probe_wide|c161|1|#
probe_wide|c162|1|#
probe_wide|c163|1|#
probe_wide|c164|1|#
probe_wide|c165|1|#
probe_wide|c166|1|#
probe_wide|c167|1|#
probe_wide|c168|1|#
probe_wide|c169|1|#
probe_wide|c170|1|#
probe_wide|c171|1|#
probe_wide|c172|1|#
probe_wide|c173|1|#
probe_wide|c174|1|#
probe_wide|c175|1|#
probe_wide|c176|1|#
probe_wide|c177|1|#
probe_wide|c178|1|#
probe_wide|c179|1|#
probe_wide|c180|1|#
probe_wide|c181|1|#
probe_wide|c182|1|#
probe_wide|c183|1|#
probe_wide|c184|1|#
probe_wide|c185|1|#
probe_wide|c186|1|#
probe_wide|c187|1|#
probe_wide|c188|1|#
probe_wide|c189|1|#
probe_wide|c190|1|#
probe_wide|c191|1|#
probe_wide|c192|1|#
probe_wide|c193|1|#
probe_wide|c194|1|#
probe_wide|c195|1|#
probe_wide|c196|1|#
probe_wide|c197|1|#
probe_wide|c198|1|#
probe_wide|c199|1|#
probe_wide|c200|1|#
probe_wide|wtext|1|#
probe_wide|wdec|1|#
ProbeCo$ambig$11111111-1111-1111-1111-111111111111|id|0|#
ProbeCo$ambig$11111111-1111-1111-1111-111111111111|v|1|#
ProbeCo$ambig$22222222-2222-2222-2222-222222222222|id|0|#
ProbeCo$ambig$22222222-2222-2222-2222-222222222222|v|1|#
TP$exttest$aaaaaaaa-aaaa-aaaa-aaaa-aaaaaaaaaaaa|id|0|#
TP$exttest$aaaaaaaa-aaaa-aaaa-aaaa-aaaaaaaaaaaa|own|1|#
TP$exttest$aaaaaaaa-aaaa-aaaa-aaaa-aaaaaaaaaaaa$ext|id|0|#
TP$exttest$aaaaaaaa-aaaa-aaaa-aaaa-aaaaaaaaaaaa$ext|extra$bbbbbbbb-bbbb-bbbb-bbbb-bbbbbbbbbbbb|1|#
TP$exttest$aaaaaaaa-aaaa-aaaa-aaaa-aaaaaaaaaaaa$ext|num$bbbbbbbb-bbbb-bbbb-bbbb-bbbbbbbbbbbb|1|#
TP$exttest2$aaaaaaaa-aaaa-aaaa-aaaa-aaaaaaaaaaaa|tmpl|0|#
TP$exttest2$aaaaaaaa-aaaa-aaaa-aaaa-aaaaaaaaaaaa|id|0|#
TP$exttest2$aaaaaaaa-aaaa-aaaa-aaaa-aaaaaaaaaaaa|own|1|#
TP$exttest2$aaaaaaaa-aaaa-aaaa-aaaa-aaaaaaaaaaaa|batch|0|#
TP$exttest2$aaaaaaaa-aaaa-aaaa-aaaa-aaaaaaaaaaaa$ext|id|0|#
TP$exttest2$aaaaaaaa-aaaa-aaaa-aaaa-aaaaaaaaaaaa$ext|extra$bbbbbbbb-bbbb-bbbb-bbbb-bbbbbbbbbbbb|1|#
TP$exttest2$aaaaaaaa-aaaa-aaaa-aaaa-aaaaaaaaaaaa$ext|num$bbbbbbbb-bbbb-bbbb-bbbb-bbbbbbbbbbbb|1|#
TP$exttest3$aaaaaaaa-aaaa-aaaa-aaaa-aaaaaaaaaaaa|id|0|#
TP$exttest3$aaaaaaaa-aaaa-aaaa-aaaa-aaaaaaaaaaaa|own|1|#
TP$exttest3$aaaaaaaa-aaaa-aaaa-aaaa-aaaaaaaaaaaa$ext|stranger|0|#
TP$exttest3$aaaaaaaa-aaaa-aaaa-aaaa-aaaaaaaaaaaa$ext|extra$bbbbbbbb-bbbb-bbbb-bbbb-bbbbbbbbbbbb|1|#
